id,studentID,message,subject,datepaid,active
1,2978,"Water, Sanitation and Hygiene : UNICEF aims to increase sustainable access to and use of improved water sources, sanitation facilities and hygiene practices in communities, schools and institutions.   ",Send info,1551061655.0,0
2,2978,"Water, Sanitation and Hygiene : UNICEF aims to increase sustainable access to and use of improved water sources, sanitation facilities and hygiene practices in communities, schools and institutions.   ",Send info,1551061704.0,0
3,2017,Students will be resuming on the,Urgent mail,1551061928.0,0
4,2017,Sending mail,New mail,1551065475.0,0
5,2017,,Testing,1551083350.0,0
6,2017,,Testing,1551083426.0,0
7,2017,,Testing,1551083498.0,0
8,2017,,,1551088117.0,0
9,2017,"the Vice principal 
Hoffman College
Kaduna

Dear Sir


PURCHASE OF STOOL
PUrchase of goods",,1551088522.0,0
